,datetime,open,close,high,low,volume
0,2020-07-16,24.05,24.05,24.05,24.05,3392
1,2020-07-17,26.46,26.46,26.46,26.46,1344
2,2020-07-20,29.11,29.11,29.11,29.11,5874
3,2020-07-21,32.02,32.02,32.02,29.66,242995
4,2020-07-22,31.94,33.06,35.11,30.26,298800
5,2020-07-23,31.71,30.8,32.18,30.58,184901
6,2020-07-24,30.0,30.83,31.93,29.51,188388
7,2020-07-27,30.09,29.1,30.45,28.51,131980
8,2020-07-28,29.0,29.5,30.3,28.66,110780
9,2020-07-29,29.12,29.78,30.16,28.89,105626
10,2020-07-30,29.55,30.42,30.83,29.21,126159
11,2020-07-31,30.04,29.54,30.4,29.27,111420
12,2020-08-03,29.6,29.76,29.92,29.25,98250
13,2020-08-04,29.78,31.22,31.54,29.35,179662
14,2020-08-05,30.57,29.91,30.7,29.55,112136
15,2020-08-06,29.8,29.21,30.2,28.92,93503
16,2020-08-07,29.4,29.58,30.45,29.22,92980
17,2020-08-10,29.01,28.45,29.13,28.04,89105
18,2020-08-11,28.4,28.34,28.98,28.22,60477
19,2020-08-12,28.1,27.4,28.29,26.9,65230
20,2020-08-13,27.39,27.21,27.54,27.02,41312
21,2020-08-14,27.2,26.93,27.31,26.62,41685
22,2020-08-17,26.95,27.3,27.34,26.88,42976
23,2020-08-18,27.31,27.47,27.6,27.21,38394
24,2020-08-19,27.46,27.76,28.68,27.35,63534
25,2020-08-20,27.61,27.77,28.46,26.82,49320
26,2020-08-21,27.8,28.2,28.56,27.8,51842
27,2020-08-24,28.19,27.8,28.34,27.38,40444
28,2020-08-25,27.95,27.86,28.25,27.65,34672
29,2020-08-26,27.86,26.93,27.9,26.88,40645
30,2020-08-27,26.95,27.1,27.14,26.56,21878
31,2020-08-28,27.1,28.31,28.44,27.0,61640
32,2020-08-31,28.39,28.24,28.59,28.09,37947
33,2020-09-01,28.3,28.04,28.78,27.87,28663
34,2020-09-02,28.03,28.3,28.46,27.77,30215
35,2020-09-03,28.31,28.31,28.66,28.08,29274
36,2020-09-04,27.8,27.76,27.98,27.5,27715
37,2020-09-07,27.96,28.43,28.8,27.66,51965
38,2020-09-08,28.45,28.39,29.45,28.39,53540
39,2020-09-09,27.81,26.77,27.99,26.57,53291
40,2020-09-10,26.91,24.97,27.07,24.5,45258
41,2020-09-11,24.72,25.3,25.49,24.64,24321
42,2020-09-14,25.39,25.44,25.68,25.2,19265
43,2020-09-15,25.4,25.67,25.73,25.2,19473
44,2020-09-16,25.6,25.4,25.72,25.27,17385
45,2020-09-17,25.28,25.58,25.93,25.2,22795
46,2020-09-18,25.6,25.87,25.98,25.47,22154
47,2020-09-21,25.75,25.41,25.9,25.32,21443
48,2020-09-22,25.24,24.71,25.33,24.69,20083
49,2020-09-23,24.81,25.0,25.35,24.8,20121
50,2020-09-24,24.99,24.17,24.99,24.1,22242
51,2020-09-25,24.3,23.79,24.57,23.79,25571
52,2020-09-28,24.03,23.0,24.18,22.97,26759
53,2020-09-29,23.12,23.31,23.45,22.72,26692
54,2020-09-30,23.15,22.8,23.32,22.75,20651
55,2020-10-09,23.13,23.28,23.44,23.03,20748
56,2020-10-12,23.38,23.76,23.77,23.24,25028
57,2020-10-13,23.62,24.15,24.35,23.55,31192
58,2020-10-14,24.08,23.85,24.18,23.74,15468
59,2020-10-15,23.76,23.76,24.04,23.59,13698
60,2020-10-16,23.7,23.93,24.07,23.68,13687
61,2020-10-19,24.0,23.7,24.32,23.7,15978
62,2020-10-20,23.57,24.1,24.1,23.57,13986
63,2020-10-21,24.04,23.86,24.15,23.6,14321
64,2020-10-22,23.83,23.9,23.9,23.32,18851
65,2020-10-23,23.85,23.23,23.85,23.09,19200
66,2020-10-26,23.06,23.18,23.18,22.8,11809
67,2020-10-27,23.06,23.36,23.38,22.96,11195
68,2020-10-28,23.36,23.08,23.44,22.88,16886
69,2020-10-29,22.69,22.35,22.69,22.22,22746
70,2020-10-30,22.39,22.08,22.58,21.93,16708
71,2020-11-02,22.11,21.89,22.12,21.08,14468
72,2020-11-03,21.9,22.3,22.41,21.69,13544
73,2020-11-04,22.39,22.44,22.85,22.28,12785
74,2020-11-05,22.44,22.65,22.74,22.27,13898
75,2020-11-06,22.65,22.6,22.79,22.39,11029
76,2020-11-09,22.52,23.16,23.3,22.52,19561
77,2020-11-10,24.0,23.2,24.48,23.2,33492
78,2020-11-11,23.07,22.78,23.24,22.67,19421
79,2020-11-12,22.7,23.7,24.28,22.61,29914
80,2020-11-13,23.37,23.97,24.26,23.3,28971
81,2020-11-16,24.02,23.95,24.18,23.53,19319
82,2020-11-17,24.05,24.05,24.7,23.88,27313
83,2020-11-18,24.0,24.0,24.27,23.83,15899
84,2020-11-19,24.1,24.47,24.65,24.08,26692
85,2020-11-20,24.41,24.31,24.58,24.02,17317
86,2020-11-23,24.16,24.16,24.35,23.62,23760
87,2020-11-24,24.0,24.56,24.64,24.0,22522
88,2020-11-25,24.58,24.33,24.7,24.0,16615
89,2020-11-26,24.32,25.23,26.48,24.11,67942
90,2020-11-27,25.48,27.32,27.61,25.01,91310
91,2020-11-30,27.3,27.53,28.02,27.06,60615
92,2020-12-01,27.63,27.09,27.83,26.8,41060
93,2020-12-02,27.15,27.67,28.16,27.0,36731
94,2020-12-03,27.85,27.8,28.47,27.6,42560
95,2020-12-04,27.3,26.88,27.55,26.85,35700
96,2020-12-07,27.01,27.2,27.54,26.9,20883
97,2020-12-08,27.36,26.45,27.77,26.45,30418
98,2020-12-09,26.54,25.98,26.98,25.89,20682
99,2020-12-10,25.8,26.0,26.6,25.75,16888
100,2020-12-11,25.92,26.3,26.55,25.58,16950
101,2020-12-14,26.13,26.1,26.5,25.75,14696
102,2020-12-15,26.2,26.1,26.36,25.71,13081
103,2020-12-16,26.19,26.9,27.24,25.85,30189
104,2020-12-17,26.81,26.37,26.93,26.26,26588
105,2020-12-18,26.19,25.77,26.33,25.61,18771
106,2020-12-21,25.82,25.94,26.15,25.53,10899
107,2020-12-22,25.7,25.04,25.94,24.85,24044
108,2020-12-23,24.68,24.12,25.42,23.99,23099
109,2020-12-24,24.1,23.35,24.1,23.31,16049
110,2020-12-25,23.32,23.38,23.99,23.28,10962
111,2020-12-28,23.18,22.85,23.28,22.41,15154
112,2020-12-29,22.85,23.0,23.34,22.8,11247
113,2020-12-30,22.98,23.66,24.13,22.8,12980
114,2020-12-31,23.61,23.81,24.15,23.61,10734
115,2021-01-04,23.81,23.62,23.81,23.46,12847
116,2021-01-05,23.51,23.93,24.01,23.18,13377
117,2021-01-06,24.0,23.19,24.7,22.98,30377
118,2021-01-07,22.84,21.83,23.01,21.48,39098
119,2021-01-08,21.8,21.2,21.8,21.11,25209
120,2021-01-11,20.9,19.82,20.9,19.82,36338
121,2021-01-12,19.81,19.95,20.16,19.45,13619
122,2021-01-13,20.25,20.1,20.5,19.78,21688
123,2021-01-14,20.6,20.82,20.96,20.1,24016
124,2021-01-15,20.86,20.9,21.14,20.55,13532
125,2021-01-18,21.09,21.12,21.39,20.75,14931
126,2021-01-19,21.0,21.61,21.9,20.98,14252
127,2021-01-20,21.75,21.5,21.86,21.33,10304
128,2021-01-21,21.45,21.06,21.73,21.05,14196
129,2021-01-22,20.91,21.1,21.45,20.9,14270
130,2021-01-25,21.0,20.42,21.13,20.0,19039
131,2021-01-26,20.6,20.6,20.84,20.16,12315
132,2021-01-27,20.38,20.8,20.96,20.23,10384
133,2021-01-28,20.8,21.11,21.62,20.63,19701
134,2021-01-29,21.2,21.9,22.0,20.7,25815
135,2021-02-01,21.73,21.61,21.97,21.4,18847
136,2021-02-02,21.4,21.93,22.25,21.4,19705
137,2021-02-03,21.88,22.58,22.84,21.77,27911
138,2021-02-04,22.43,21.95,22.55,21.5,19904
139,2021-02-05,21.7,21.9,22.22,21.54,12834
140,2021-02-08,21.9,22.62,22.88,21.85,19609
141,2021-02-09,22.35,22.45,22.6,22.0,13805
142,2021-02-10,22.3,22.31,22.95,22.22,17774
143,2021-02-18,23.0,23.1,23.88,22.94,28886
144,2021-02-19,22.88,23.33,23.4,22.84,14791
145,2021-02-22,23.2,23.15,23.75,23.03,20616
146,2021-02-23,23.15,23.47,23.69,22.53,20067
147,2021-02-24,23.52,23.16,24.27,23.07,29467
148,2021-02-25,23.21,22.5,23.48,22.42,22681
149,2021-02-26,22.21,22.55,22.7,22.15,11766
150,2021-03-01,22.61,22.92,23.06,22.4,12804
151,2021-03-02,22.95,23.03,23.2,22.62,12995
152,2021-03-03,22.85,23.03,23.17,22.75,10434
153,2021-03-04,22.85,22.37,23.14,22.21,16882
154,2021-03-05,22.02,22.47,22.56,22.02,8996
155,2021-03-08,22.58,22.04,22.65,21.95,9989
156,2021-03-09,22.01,21.96,22.46,21.3,15072
157,2021-03-10,22.01,21.68,22.13,21.5,8222
158,2021-03-11,21.67,21.94,22.09,21.52,8152
159,2021-03-12,21.94,21.76,22.22,21.7,9171
160,2021-03-15,21.58,22.66,22.75,21.52,18024
161,2021-03-16,22.9,24.08,24.17,22.71,37402
162,2021-03-17,24.03,24.0,24.36,23.52,24397
163,2021-03-18,24.0,24.01,24.2,23.71,18603
164,2021-03-19,23.76,23.73,24.49,23.71,14735
165,2021-03-22,23.6,24.96,24.96,23.6,26985
166,2021-03-23,25.87,24.61,25.92,24.42,36979
167,2021-03-24,24.76,24.5,25.08,23.88,26852
168,2021-03-25,24.18,25.08,25.16,23.9,24230
169,2021-03-26,25.01,25.11,25.33,24.75,16914
170,2021-03-29,25.0,24.89,25.38,24.65,15677
171,2021-03-30,24.71,24.76,25.3,24.68,12943
172,2021-03-31,25.0,24.84,25.25,24.65,13648
173,2021-04-01,24.69,24.23,24.9,24.05,14744
174,2021-04-02,24.71,25.17,25.38,24.33,19112
175,2021-04-06,24.91,24.94,25.34,24.83,11127
176,2021-04-07,25.05,25.56,25.89,24.8,18992
177,2021-04-08,25.51,25.31,25.78,25.18,10850
178,2021-04-09,25.3,25.49,25.75,25.06,10629
179,2021-04-12,25.03,24.84,25.75,24.66,12139
180,2021-04-13,24.79,24.99,25.98,24.4,19037
181,2021-04-14,25.2,25.84,25.86,24.78,20225
182,2021-04-15,25.73,25.69,25.75,25.33,11618
183,2021-04-16,26.2,26.68,26.87,26.0,34735
184,2021-04-19,26.74,27.34,27.45,26.6,27320
185,2021-04-20,27.33,26.88,27.45,26.88,19868
186,2021-04-21,26.71,26.76,27.43,26.66,16321
187,2021-04-22,26.67,26.97,27.15,26.62,9999
188,2021-04-23,27.3,26.9,27.35,26.68,12532
189,2021-04-26,27.0,27.79,28.28,26.61,37821
190,2021-04-27,27.74,27.88,28.17,27.05,20952
191,2021-04-28,27.69,27.47,27.75,27.04,18961
192,2021-04-29,27.26,27.88,28.16,26.66,26686
193,2021-04-30,25.09,25.09,25.8,25.09,52537
194,2021-05-06,25.03,23.77,25.09,23.6,43650
195,2021-05-07,23.6,23.58,23.87,23.5,19542
196,2021-05-10,23.95,23.77,24.24,23.51,12622
197,2021-05-11,23.88,23.87,23.91,23.16,12186
198,2021-05-12,23.83,23.95,24.25,23.65,8805
199,2021-05-13,23.93,24.98,25.27,23.82,21781
200,2021-05-14,24.66,24.37,25.27,24.06,22044
201,2021-05-17,24.21,24.73,25.14,23.85,16115
202,2021-05-18,24.9,27.2,27.2,24.8,47314
203,2021-05-19,27.0,29.92,29.92,26.42,86818
204,2021-05-20,30.79,32.91,32.91,30.79,81351
205,2021-05-21,32.38,29.7,32.38,29.62,121878
206,2021-05-24,29.99,32.67,32.67,29.99,105775
207,2021-05-25,31.89,32.86,33.74,30.8,97652
208,2021-05-26,31.59,32.3,34.49,31.59,64290
209,2021-05-27,32.52,30.95,32.99,30.61,74776
210,2021-05-28,31.0,31.18,31.4,30.01,55323
211,2021-05-31,30.9,29.44,31.02,28.7,57703
212,2021-06-01,29.48,29.85,29.99,29.02,40732
213,2021-06-02,29.55,29.1,30.16,28.81,31448
214,2021-06-03,29.27,28.69,29.27,28.52,31828
215,2021-06-04,28.2,28.69,28.9,27.9,25643
216,2021-06-07,29.35,29.58,29.97,28.81,42922
217,2021-06-08,29.53,28.3,29.53,28.05,34788
218,2021-06-09,28.08,28.44,28.45,27.56,23739
219,2021-06-10,28.2,28.31,28.32,27.77,13224
220,2021-06-11,28.28,27.92,29.05,27.72,17542
221,2021-06-15,21.4,21.79,21.98,20.7,14076
222,2021-06-16,21.78,21.0,21.79,20.87,24411
223,2021-06-17,21.01,21.14,21.3,20.64,15043
224,2021-06-18,21.07,21.2,21.39,20.72,12798
225,2021-06-21,21.12,21.41,21.87,20.99,16790
226,2021-06-22,21.36,21.16,21.5,21.09,16215
227,2021-06-23,21.07,21.45,22.73,21.07,40445
228,2021-06-24,21.09,20.04,21.3,20.01,57279
229,2021-06-25,20.03,20.26,20.34,19.7,20851
230,2021-06-28,20.27,19.87,20.31,19.79,15469
231,2021-06-29,19.7,19.6,19.94,19.53,19299
232,2021-06-30,19.6,19.18,19.8,19.01,25267
233,2021-07-01,19.3,19.38,19.68,19.14,15974
234,2021-07-02,19.18,19.09,19.5,18.79,17231
235,2021-07-05,18.99,19.43,19.56,18.69,15188
236,2021-07-06,19.43,19.3,19.49,18.86,15923
237,2021-07-07,19.16,19.36,19.56,19.15,11346
238,2021-07-08,19.4,18.71,19.5,18.7,16258
239,2021-07-09,18.53,18.64,18.8,18.3,15581
240,2021-07-12,18.65,18.5,18.82,18.44,13411
241,2021-07-13,18.56,18.37,18.7,18.23,10655
242,2021-07-14,18.38,18.58,18.78,18.3,9898
243,2021-07-15,18.76,18.4,18.76,18.2,10584
244,2021-07-16,18.49,18.64,18.79,18.18,14171
245,2021-07-19,18.65,19.3,19.34,18.47,23383
246,2021-07-20,19.3,18.98,19.31,18.81,13059
247,2021-07-21,18.99,18.74,19.16,18.65,15847
248,2021-07-22,18.69,18.33,18.72,18.22,15359
249,2021-07-23,18.33,17.97,18.6,17.8,15424
250,2021-07-26,17.85,17.3,17.85,17.08,17116
251,2021-07-27,17.16,16.86,17.49,16.79,16405
252,2021-07-28,16.88,16.12,16.96,16.0,22581
253,2021-07-29,16.24,15.77,16.4,15.56,33629
254,2021-07-30,15.8,15.85,15.94,15.51,15768
255,2021-08-02,15.79,15.81,15.87,15.2,31632
256,2021-08-03,15.8,16.2,16.39,15.71,21709
257,2021-08-04,16.08,15.88,16.2,15.75,17588
258,2021-08-05,15.8,15.63,16.0,15.5,12376
259,2021-08-06,15.58,15.38,15.64,15.16,13146
260,2021-08-09,15.31,16.25,16.54,15.31,28134
261,2021-08-10,16.17,16.15,16.31,16.0,18403
262,2021-08-11,16.31,16.17,16.55,16.02,17510
263,2021-08-12,16.18,15.97,16.3,15.9,14279
264,2021-08-13,15.94,16.28,16.35,15.85,15637
265,2021-08-16,16.28,17.14,17.35,16.28,31464
266,2021-08-17,16.75,16.59,17.06,16.41,29644
267,2021-08-18,16.52,16.46,17.07,16.18,24781
268,2021-08-19,16.36,16.73,17.0,16.26,20674
269,2021-08-20,16.56,16.57,16.71,16.38,11643
270,2021-08-23,16.66,17.67,17.97,16.5,36950
271,2021-08-24,17.83,17.72,17.96,17.2,19453
272,2021-08-25,17.8,17.76,18.16,17.63,16465
273,2021-08-26,17.76,18.27,18.4,17.5,22729
274,2021-08-27,18.4,18.25,18.49,17.95,19302
275,2021-08-30,18.58,17.92,18.6,17.63,16301
276,2021-08-31,17.9,17.64,18.47,17.61,22028
277,2021-09-01,17.63,17.86,18.29,17.58,16115
278,2021-09-02,18.27,17.81,18.27,17.76,12937
279,2021-09-03,17.7,18.25,18.41,17.49,26749
280,2021-09-06,18.25,18.35,18.67,18.03,17911
281,2021-09-07,18.05,18.3,18.55,18.05,19054
282,2021-09-08,18.3,18.82,18.87,18.17,19283
283,2021-09-09,18.7,18.71,18.99,18.66,15284
284,2021-09-10,18.71,18.78,19.33,18.61,17427
285,2021-09-13,18.7,17.89,18.7,17.8,31785
286,2021-09-14,18.05,17.32,18.14,17.22,30368
287,2021-09-15,17.6,18.25,18.46,17.2,32520
288,2021-09-16,18.15,17.85,18.4,17.83,21929
289,2021-09-17,17.81,18.35,18.5,17.63,17193
290,2021-09-22,18.13,18.39,18.56,17.77,12333
291,2021-09-23,18.33,18.16,18.45,17.9,13711
292,2021-09-24,18.09,18.3,18.56,17.95,14468
293,2021-09-27,18.6,18.85,19.08,18.3,21815
294,2021-09-28,18.65,18.48,18.82,18.23,14423
295,2021-09-29,18.35,18.94,19.18,18.29,21117
296,2021-09-30,18.87,18.65,19.18,18.58,17921
297,2021-10-08,18.59,18.45,18.86,18.36,18122
298,2021-10-11,18.45,19.7,19.7,18.45,33952
299,2021-10-12,19.54,19.32,20.18,18.95,37412
300,2021-10-13,19.29,19.28,19.41,18.74,10924
301,2021-10-14,19.23,19.39,19.68,19.0,17037
302,2021-10-15,19.35,18.93,19.35,18.6,15102
303,2021-10-18,18.8,18.28,18.8,17.5,19779
304,2021-10-19,18.19,18.28,18.48,18.06,9024
305,2021-10-20,18.1,17.78,18.25,17.66,11030
306,2021-10-21,17.88,17.96,18.09,17.62,7246
307,2021-10-22,18.0,17.91,18.0,17.57,6288
308,2021-10-25,17.9,17.32,17.9,17.26,13896
309,2021-10-26,17.5,17.01,17.77,16.89,15781
310,2021-10-27,16.92,16.29,17.18,16.2,22220
311,2021-10-28,16.41,16.6,16.77,15.99,20836
312,2021-10-29,16.62,17.31,17.34,16.6,11608
313,2021-11-01,17.0,16.41,17.1,16.39,17975
314,2021-11-02,16.39,16.29,16.66,16.17,12889
315,2021-11-03,16.28,16.38,16.68,16.14,9387
316,2021-11-04,16.46,16.5,16.66,16.33,8331
317,2021-11-05,16.4,16.36,16.64,16.18,9084
318,2021-11-08,16.48,17.46,17.8,16.42,31685
319,2021-11-09,17.36,17.35,17.53,17.0,12868
320,2021-11-10,17.29,17.53,17.65,17.19,11331
321,2021-11-11,17.5,17.41,17.92,17.27,12110
322,2021-11-12,17.62,17.44,17.73,17.37,10112
323,2021-11-15,17.52,18.09,18.38,17.5,18144
324,2021-11-16,17.99,17.88,18.21,17.78,10920
325,2021-11-17,17.85,17.89,18.1,17.72,7862
326,2021-11-18,17.9,17.44,17.9,17.35,10739
327,2021-11-19,17.44,17.51,17.88,17.3,9330
328,2021-11-22,17.73,17.96,18.25,17.42,17731
329,2021-11-23,18.2,18.14,18.25,17.97,9721
330,2021-11-24,18.02,17.85,18.14,17.76,8902
331,2021-11-25,18.04,17.84,18.15,17.82,6445
332,2021-11-26,17.79,17.47,17.79,17.24,11185
333,2021-11-29,17.05,17.17,17.34,16.9,10313
334,2021-11-30,17.27,17.18,17.39,17.12,6874
335,2021-12-01,17.24,17.32,17.42,16.94,6413
336,2021-12-02,17.3,17.18,17.46,17.0,8746
337,2021-12-03,17.18,17.28,17.36,17.11,5231
338,2021-12-06,17.26,16.9,17.27,16.89,7403
339,2021-12-07,17.0,17.11,17.19,16.81,6941
340,2021-12-08,17.11,17.17,17.25,16.91,8290
341,2021-12-09,17.25,17.51,17.77,17.13,15579
342,2021-12-10,17.51,17.54,17.67,17.33,8568
343,2021-12-13,17.55,17.59,17.77,17.38,7950
344,2021-12-14,17.56,17.55,17.58,17.42,7041
345,2021-12-15,17.55,17.4,17.66,17.34,5955
346,2021-12-16,17.33,17.28,17.42,17.11,6389
347,2021-12-17,17.2,17.06,17.29,17.03,5283
348,2021-12-20,17.06,17.11,17.45,16.83,7806
349,2021-12-21,17.1,17.4,17.48,17.04,6706
350,2021-12-22,17.47,17.22,17.47,17.15,6219
351,2021-12-23,17.15,17.08,17.28,16.95,6136
352,2021-12-24,16.94,17.06,17.13,16.89,6970
353,2021-12-27,17.09,17.15,17.23,16.92,8409
354,2021-12-28,17.2,17.24,17.43,17.06,9731
355,2021-12-29,17.62,18.96,18.96,17.62,127808
356,2021-12-30,18.77,18.63,18.79,17.73,113274
357,2021-12-31,18.24,18.3,18.44,18.03,58478
358,2022-01-04,18.32,20.13,20.13,18.15,111406
359,2022-01-05,20.13,20.75,21.89,19.74,151276
360,2022-01-06,20.01,21.07,21.58,19.51,99162
361,2022-01-07,20.64,20.37,21.25,20.25,60954
362,2022-01-10,20.28,21.27,21.36,19.51,82626
363,2022-01-11,21.0,20.36,21.45,20.36,51061
364,2022-01-12,20.5,22.4,22.4,20.3,86783
365,2022-01-13,24.1,24.64,24.64,23.68,64884
366,2022-01-14,26.4,24.97,27.02,23.21,248959
367,2022-01-17,23.0,24.61,25.5,22.55,181868
368,2022-01-18,23.5,22.15,23.7,22.15,122520
369,2022-01-19,21.68,22.84,23.26,21.26,96477
370,2022-01-20,22.46,21.62,23.36,21.55,73348
371,2022-01-21,21.7,19.94,21.98,19.81,71957
372,2022-01-24,20.13,20.66,21.41,19.89,70440
373,2022-01-25,20.65,19.94,21.35,19.69,68788
374,2022-01-26,20.04,19.15,20.19,18.76,62688
375,2022-01-27,19.2,18.3,19.2,18.3,36226
376,2022-01-28,18.42,18.71,19.35,18.42,53681
377,2022-02-07,19.14,18.98,19.29,18.3,32798
378,2022-02-08,18.87,19.45,19.66,18.6,42086
379,2022-02-09,19.41,19.46,19.56,19.06,35866
380,2022-02-10,19.33,19.62,19.84,19.22,48400
381,2022-02-11,19.5,19.5,20.25,18.88,76386
382,2022-02-14,19.42,20.39,20.86,19.3,76941
383,2022-02-15,20.1,19.64,20.11,19.08,56878
384,2022-02-16,19.43,19.54,19.96,19.15,42622
385,2022-02-17,19.35,18.9,19.52,18.9,34140
386,2022-02-18,18.7,19.14,19.25,18.7,21899
387,2022-02-21,19.47,19.16,19.47,19.06,19218
388,2022-02-22,19.03,18.54,19.09,18.44,28277
389,2022-02-23,18.62,18.31,18.62,18.25,31525
390,2022-02-24,18.25,17.51,18.38,17.17,38908
391,2022-02-25,17.49,17.53,17.9,17.48,18853
392,2022-02-28,17.51,17.04,17.58,16.9,41029
393,2022-03-01,17.1,17.22,17.3,16.88,35214
394,2022-03-02,17.1,17.13,17.3,16.98,16979
395,2022-03-03,17.19,17.55,17.63,17.13,46930
396,2022-03-04,17.35,17.51,17.57,17.1,42551
397,2022-03-07,17.59,17.22,17.6,17.13,36500
398,2022-03-08,17.16,16.52,17.34,16.5,27131
399,2022-03-09,16.6,16.3,16.78,15.57,26955
400,2022-03-10,16.58,16.54,16.88,16.25,27598
401,2022-03-11,16.18,17.18,17.5,15.91,49532
402,2022-03-14,16.99,16.43,17.2,16.41,31207
403,2022-03-15,16.28,15.23,16.44,15.23,35905
404,2022-03-16,15.58,16.5,16.55,15.42,51568
405,2022-03-17,16.49,16.67,17.19,16.44,42869
406,2022-03-18,16.62,16.97,17.39,16.55,32816
407,2022-03-21,16.82,17.5,17.68,16.71,45404
408,2022-03-22,17.37,17.0,17.37,16.9,28097
409,2022-03-23,17.08,16.84,17.1,16.71,24130
410,2022-03-24,16.8,16.53,16.82,16.4,20693
411,2022-03-25,16.68,16.76,17.29,16.46,33003
412,2022-03-28,16.6,17.1,17.3,16.6,35363
413,2022-03-29,17.0,17.15,17.65,16.86,36554
414,2022-03-30,17.15,17.13,17.27,16.76,28314
415,2022-03-31,17.12,16.83,17.18,16.79,20389
416,2022-04-01,16.85,17.63,17.67,16.83,71429
417,2022-04-06,17.41,18.28,18.44,17.39,80244
418,2022-04-07,18.0,17.25,18.07,17.21,57933
419,2022-04-08,17.31,17.0,17.58,16.43,44197
420,2022-04-11,16.85,17.28,17.96,16.7,62778
421,2022-04-12,17.29,19.01,19.01,16.93,104034
422,2022-04-13,19.38,19.09,20.5,19.0,146975
423,2022-04-14,18.9,20.62,21.0,18.47,133614
424,2022-04-15,19.86,19.55,20.48,19.2,88888
425,2022-04-18,19.36,19.72,20.22,18.88,63240
426,2022-04-19,19.18,19.5,19.7,18.91,50754
427,2022-04-20,19.29,20.04,20.57,19.15,101131
428,2022-04-21,19.56,18.04,19.56,18.04,78997
429,2022-04-22,17.03,16.24,17.32,16.24,83713
430,2022-04-25,15.39,15.4,16.13,15.01,67466
431,2022-04-26,15.5,16.5,16.94,15.3,110716
432,2022-04-27,16.14,17.1,17.22,15.48,101344
433,2022-04-28,16.9,17.0,17.19,16.35,49879
434,2022-04-29,17.08,17.28,17.64,16.61,51094
435,2022-05-05,17.28,17.01,17.57,16.78,34842
436,2022-05-06,16.5,16.33,16.83,16.18,24417
437,2022-05-09,16.47,16.23,16.68,16.0,32833
438,2022-05-10,16.07,17.44,17.8,15.81,50775
439,2022-05-11,17.4,17.72,18.64,17.25,53226
440,2022-05-12,17.56,18.26,18.5,17.53,41194
441,2022-05-13,18.13,18.63,18.79,17.81,54551
442,2022-05-16,18.61,18.99,19.69,18.35,62024
443,2022-05-17,18.8,18.95,19.34,18.78,37037
444,2022-05-18,19.0,19.59,20.16,18.83,48011
445,2022-05-19,19.29,19.58,19.78,19.12,39242
446,2022-05-20,19.46,19.95,20.45,19.46,38881
447,2022-05-23,19.94,19.36,20.03,19.08,28116
448,2022-05-24,19.4,18.93,19.42,18.88,24090
449,2022-05-25,19.0,19.2,19.36,18.61,15185
450,2022-05-26,19.15,19.33,19.49,18.71,20698
451,2022-05-27,19.15,18.87,19.32,18.55,18568
452,2022-05-30,18.9,19.28,20.0,18.89,36132
453,2022-05-31,19.3,18.99,19.4,18.76,23788
454,2022-06-01,18.92,18.83,19.78,18.56,22163
455,2022-06-02,18.61,18.69,19.09,18.5,13902
456,2022-06-06,18.71,18.37,18.81,18.16,29484
457,2022-06-07,18.42,18.49,18.6,17.92,29383
458,2022-06-08,18.36,18.26,18.57,17.86,21769
459,2022-06-09,18.02,17.28,18.25,17.24,32136
460,2022-06-10,17.12,17.37,17.92,17.12,33719
461,2022-06-13,17.28,17.35,17.65,17.0,21412
462,2022-06-14,17.1,17.21,17.26,16.76,22470
463,2022-06-15,17.24,17.29,17.63,17.12,30528
464,2022-06-16,17.35,17.5,17.69,17.21,30501
465,2022-06-17,17.3,16.99,17.3,16.63,25740
466,2022-06-20,17.0,18.69,18.69,16.91,65297
467,2022-06-21,19.01,18.64,19.19,18.41,59989
468,2022-06-22,18.9,18.37,19.03,18.21,33893
469,2022-06-23,18.4,18.38,18.47,18.11,28609
470,2022-06-24,18.44,18.95,19.24,18.4,52098
471,2022-06-27,19.28,19.75,19.9,19.06,76698
472,2022-06-28,19.32,20.63,21.73,19.31,91026
473,2022-06-29,20.55,21.46,22.5,20.31,109179
474,2022-06-30,21.8,23.61,23.61,21.46,74634
475,2022-07-01,23.85,22.01,24.06,21.31,110428
476,2022-07-04,22.0,22.58,22.91,21.68,66047
477,2022-07-05,22.25,21.75,22.56,21.6,42106
478,2022-07-06,21.8,20.24,21.8,20.02,63187
479,2022-07-07,20.63,19.74,20.63,19.55,34389
480,2022-07-08,20.31,21.15,21.71,19.91,90228
481,2022-07-11,20.79,19.71,20.79,19.51,74461
482,2022-07-12,19.71,19.12,19.71,18.86,48691
483,2022-07-13,19.21,20.46,21.03,19.14,80379
484,2022-07-14,20.65,20.1,20.69,19.84,51956
485,2022-07-15,20.0,20.4,21.21,19.85,51030
486,2022-07-18,20.73,20.0,20.73,19.85,40986
487,2022-07-19,20.39,19.78,20.66,19.61,43000
488,2022-07-20,19.9,20.22,20.66,19.71,44906
489,2022-07-21,19.99,20.64,20.97,19.89,58660
490,2022-07-22,20.4,20.18,20.98,19.92,39395
491,2022-07-25,20.01,20.39,20.96,19.81,35552
492,2022-07-26,20.51,21.9,22.3,20.51,72697
493,2022-07-27,21.36,21.17,21.4,20.64,46217
494,2022-07-28,21.02,21.16,21.47,20.77,34084
495,2022-07-29,20.86,19.99,20.91,19.88,40577
496,2022-08-01,19.85,20.02,20.1,19.7,14824
497,2022-08-02,19.85,18.84,19.85,18.69,33085
498,2022-08-03,18.66,18.82,19.3,18.52,26707
499,2022-08-04,18.8,19.33,19.35,18.6,15409
500,2022-08-05,19.1,20.01,20.05,19.03,24966
501,2022-08-08,19.59,20.55,20.88,19.4,30531
502,2022-08-09,20.72,21.71,21.9,20.53,56644
503,2022-08-10,21.85,21.74,21.95,21.3,29616
504,2022-08-11,22.16,21.85,22.16,21.26,25517
505,2022-08-12,22.23,21.82,22.26,21.51,15321
506,2022-08-15,21.82,21.39,21.95,21.29,17162
507,2022-08-16,21.4,21.0,21.56,20.68,24040
508,2022-08-17,21.4,21.26,21.45,20.8,15451
509,2022-08-18,21.21,20.88,21.21,20.66,12257
510,2022-08-19,20.76,20.88,21.13,20.7,12464
511,2022-08-22,20.75,21.0,21.5,20.67,11870
512,2022-08-23,20.8,20.65,21.4,20.5,17811
513,2022-08-24,20.56,20.25,20.75,20.1,17534
514,2022-08-25,20.07,20.29,20.47,20.02,11877
515,2022-08-26,20.29,21.81,22.32,20.27,80169
516,2022-08-29,21.42,23.05,23.87,21.31,81878
517,2022-08-30,22.58,22.87,23.4,22.12,45654
518,2022-08-31,22.82,22.3,23.38,22.26,45348
519,2022-09-01,22.41,23.58,24.47,22.21,63814
520,2022-09-02,23.37,23.7,24.33,22.5,40615
521,2022-09-05,23.69,23.32,23.86,22.71,21642
522,2022-09-06,23.0,23.1,23.52,22.86,18179
523,2022-09-07,22.99,23.9,24.55,22.99,26856
524,2022-09-08,23.77,25.86,26.29,23.63,70353
525,2022-09-09,25.19,24.5,25.19,23.78,54439
526,2022-09-13,24.4,26.95,26.95,23.89,60161
527,2022-09-14,26.0,26.87,26.87,25.1,55927
528,2022-09-15,26.46,26.51,26.87,25.77,31614
529,2022-09-16,25.95,27.15,28.28,25.84,53922
530,2022-09-19,26.12,26.98,27.97,26.0,47097
531,2022-09-20,26.76,26.45,26.95,25.84,50567
532,2022-09-21,26.0,25.25,26.0,24.52,46185
533,2022-09-22,25.0,25.38,26.09,25.0,32462
534,2022-09-23,25.03,24.69,26.3,24.56,34046
535,2022-09-26,24.69,25.6,26.48,24.69,42884
536,2022-09-27,25.42,26.87,27.16,24.82,58154
537,2022-09-28,26.42,25.93,26.97,25.88,35186
538,2022-09-29,25.93,25.49,26.25,24.2,29819
539,2022-09-30,25.24,25.18,26.48,24.94,26644
540,2022-10-10,25.12,23.7,25.17,23.55,32138
541,2022-10-11,23.86,24.48,24.57,23.0,27734
542,2022-10-12,24.65,25.01,25.06,23.22,25828
543,2022-10-13,24.77,26.58,27.2,24.4,40272
544,2022-10-14,26.4,26.95,27.05,25.74,35373
545,2022-10-17,26.5,26.42,26.59,25.92,16014
546,2022-10-18,26.42,27.16,28.8,26.42,37845
547,2022-10-19,26.52,25.93,27.97,25.8,26364
548,2022-10-20,25.96,26.45,27.45,25.41,26173
549,2022-10-21,26.86,25.79,26.86,25.12,26901
550,2022-10-24,26.06,24.4,26.07,24.3,25675
551,2022-10-25,24.4,25.45,26.2,24.3,39198
552,2022-10-26,27.38,28.0,28.0,27.12,60674
553,2022-10-27,28.01,29.5,30.8,28.01,128569
554,2022-10-28,29.48,30.04,30.21,29.24,69562
555,2022-10-31,29.0,29.65,29.98,28.7,50123
556,2022-11-01,29.5,32.16,32.47,29.0,61505
557,2022-11-02,31.5,34.0,35.21,31.0,70731
558,2022-11-03,32.82,33.0,34.0,32.58,41014
559,2022-11-04,33.2,32.7,35.59,32.36,71142
560,2022-11-07,32.18,32.79,33.02,32.0,47892
561,2022-11-08,32.71,31.65,32.79,31.25,44695
562,2022-11-09,31.64,31.8,32.42,31.3,21214
563,2022-11-10,31.34,32.36,32.8,31.31,27355
564,2022-11-11,33.34,31.6,33.93,30.08,78830
565,2022-11-14,30.8,30.08,30.81,29.05,58170
566,2022-11-15,30.3,32.0,32.8,30.16,62554
567,2022-11-16,32.0,30.85,32.48,30.55,36801
568,2022-11-17,30.42,32.17,32.46,30.0,40243
569,2022-11-18,32.13,30.9,32.48,30.88,21746
570,2022-11-21,30.3,30.99,31.2,28.8,27007
571,2022-11-22,31.33,30.55,31.5,29.89,23651
572,2022-11-23,30.0,30.17,30.98,29.32,27734
573,2022-11-24,30.36,29.94,31.05,29.78,19017
574,2022-11-25,29.87,30.14,30.95,29.72,17258
575,2022-11-28,29.32,31.5,32.2,29.11,38265
576,2022-11-29,31.5,34.15,34.4,31.0,66917
577,2022-11-30,33.12,33.94,34.4,32.03,49179
578,2022-12-01,34.92,32.34,35.1,32.02,57447
579,2022-12-02,31.91,33.04,33.28,31.73,38254
580,2022-12-05,33.4,32.8,33.64,32.3,32419
581,2022-12-06,32.73,32.93,34.16,32.3,45337
582,2022-12-07,32.82,33.42,33.8,31.68,62801
583,2022-12-08,32.2,33.6,34.43,31.69,49818
584,2022-12-09,33.98,32.61,33.99,32.44,26687
585,2022-12-12,32.3,32.84,33.54,32.3,26566
586,2022-12-13,32.8,33.32,34.22,32.6,31420
587,2022-12-14,33.05,36.65,36.65,33.05,39766
588,2022-12-15,38.1,35.96,38.48,35.17,72059
589,2022-12-16,36.08,36.8,37.75,35.42,60698
590,2022-12-19,36.79,37.24,38.38,35.83,57587
591,2022-12-20,36.43,34.64,36.72,34.32,50543
592,2022-12-21,34.03,38.1,38.1,34.03,76832
593,2022-12-22,38.0,37.06,40.8,36.2,103934
594,2022-12-23,37.05,35.92,37.5,35.42,63777
595,2022-12-26,35.63,37.22,38.44,35.4,72553
596,2022-12-27,37.12,36.68,37.51,35.0,56821
597,2022-12-28,36.0,36.02,36.44,35.09,47229
598,2022-12-29,35.9,36.31,38.5,35.03,61260
599,2022-12-30,36.0,37.23,37.5,35.35,59217
600,2023-01-03,37.2,36.6,37.2,35.62,43647
601,2023-01-04,36.33,37.11,37.65,36.0,46247
602,2023-01-05,36.49,36.22,36.87,35.68,38551
603,2023-01-06,36.01,35.53,36.18,35.0,35833
604,2023-01-09,35.3,35.88,36.15,34.0,41005
605,2023-01-10,35.12,35.29,35.88,35.11,19965
606,2023-01-11,35.47,34.33,35.5,34.26,20953
607,2023-01-12,34.68,33.64,34.68,33.47,22262
608,2023-01-13,33.64,34.36,34.49,33.13,26442
609,2023-01-16,34.0,34.52,34.66,33.51,32500
610,2023-01-17,34.35,34.79,34.98,34.02,23833
611,2023-01-18,34.69,33.63,34.69,33.61,19473
612,2023-01-19,33.41,33.69,34.15,32.6,25625
613,2023-01-20,33.81,34.02,34.78,33.53,25073
614,2023-01-30,34.11,32.17,34.55,31.9,49181
615,2023-01-31,32.35,32.15,32.35,31.41,27232
616,2023-02-01,32.13,31.68,32.13,31.0,41558
617,2023-02-02,31.6,31.84,31.86,31.2,42581
618,2023-02-03,31.59,31.5,31.59,30.92,22844
619,2023-02-06,31.5,31.25,31.82,30.7,27815
620,2023-02-07,31.33,30.67,31.44,30.6,20109
621,2023-02-08,30.66,31.51,31.6,30.54,36032
622,2023-02-09,31.51,34.66,34.66,30.9,89172
623,2023-02-10,35.69,37.98,38.1,34.18,106847
624,2023-02-13,38.0,38.37,38.44,36.18,79527
625,2023-02-14,38.1,37.29,38.12,36.76,44743
626,2023-02-15,37.37,36.5,37.59,36.22,37866
627,2023-02-16,36.9,36.2,37.38,35.82,42275
628,2023-02-17,36.2,35.71,37.27,35.67,32432
629,2023-02-20,35.92,36.06,36.38,35.41,30426
630,2023-02-21,36.19,35.51,36.43,34.95,29035
631,2023-02-22,35.5,35.55,35.73,34.84,18950
632,2023-02-23,35.55,35.4,36.24,35.06,20556
633,2023-02-24,35.53,35.64,36.18,35.35,21675
634,2023-02-27,35.35,37.1,37.1,34.72,55330
635,2023-02-28,36.65,36.73,36.88,36.11,33883
636,2023-03-01,36.5,35.95,36.68,35.78,27550
637,2023-03-02,35.85,36.56,36.9,35.55,29919
638,2023-03-03,36.55,36.09,36.73,35.8,24836
639,2023-03-06,35.9,37.5,38.08,35.38,55393
640,2023-03-07,37.5,36.55,37.5,36.47,32438
641,2023-03-08,36.41,36.6,37.5,36.15,28631
642,2023-03-09,36.66,35.25,36.91,35.24,23046
643,2023-03-10,35.1,34.48,35.65,34.48,14206
644,2023-03-13,34.05,35.08,35.63,34.05,14080
645,2023-03-14,35.48,35.67,35.77,33.99,19481
646,2023-03-15,35.58,34.8,35.58,34.3,16288
647,2023-03-16,34.79,33.68,34.79,33.6,12151
648,2023-03-17,33.92,33.85,34.33,33.74,9593
649,2023-03-20,33.38,35.13,35.86,32.79,36732
650,2023-03-21,35.13,36.07,36.21,34.71,21500
651,2023-03-22,36.12,35.16,36.47,34.9,32745
652,2023-03-23,35.01,35.59,35.84,34.81,20260
653,2023-03-24,35.59,34.9,36.59,34.81,29552
654,2023-03-27,34.88,34.26,35.2,34.13,19946
655,2023-03-28,34.26,33.91,34.66,33.84,18928
656,2023-03-29,33.9,33.7,34.65,33.28,23915
657,2023-03-30,33.59,36.06,36.2,33.1,40856
658,2023-03-31,35.52,35.42,36.0,34.51,35196
659,2023-04-03,34.51,34.94,35.59,34.51,20341
660,2023-04-04,34.94,35.22,35.98,34.85,18665
661,2023-04-06,35.0,35.71,36.07,34.5,17809
662,2023-04-07,35.6,37.33,38.8,35.38,41599
663,2023-04-10,37.1,39.42,40.7,36.6,49179
664,2023-04-11,39.52,38.59,40.93,38.44,46562
665,2023-04-12,38.38,38.26,38.79,37.32,34402
666,2023-04-13,37.9,39.25,39.38,37.11,50324
667,2023-04-14,38.44,37.36,38.44,37.12,34990
668,2023-04-17,37.03,37.34,38.04,36.8,18752
669,2023-04-18,37.29,37.51,37.8,36.5,15983
670,2023-04-19,37.49,38.3,38.35,36.85,27029
671,2023-04-20,37.5,36.5,37.7,36.46,25967
672,2023-04-21,36.3,36.5,36.97,35.85,24550
673,2023-04-24,36.26,35.78,36.49,34.73,25958
674,2023-04-25,35.79,36.99,37.37,34.49,34681
675,2023-04-26,36.6,36.34,37.62,35.64,28819
676,2023-04-27,36.85,36.28,37.26,35.9,22524
677,2023-04-28,36.04,36.69,37.01,35.42,28409
678,2023-05-04,36.0,34.39,36.49,33.18,53998
679,2023-05-05,34.64,35.13,36.98,34.17,44285
680,2023-05-08,35.28,34.68,35.36,33.95,17857
681,2023-05-09,34.6,34.08,34.67,34.0,13004
682,2023-05-10,34.13,33.48,34.29,33.16,15784
683,2023-05-11,33.2,33.1,33.9,33.03,11340
684,2023-05-12,33.11,33.12,34.21,32.8,16249
685,2023-05-15,33.25,33.8,34.17,32.46,21129
686,2023-05-16,33.81,32.5,33.87,32.21,17337
687,2023-05-17,32.5,32.36,32.79,32.2,9941
688,2023-05-18,32.37,32.62,32.67,32.31,9340
689,2023-05-19,32.6,32.63,32.88,31.86,12480
690,2023-05-22,32.54,35.1,35.46,32.11,36009
691,2023-05-23,35.1,34.5,35.75,34.3,25151
692,2023-05-24,34.24,33.53,34.3,33.46,10992
693,2023-05-25,33.45,32.82,33.67,32.51,14433
694,2023-05-26,32.83,32.48,33.02,32.25,11318
695,2023-05-29,32.31,32.66,33.33,32.31,11303
696,2023-05-30,32.65,32.58,32.83,32.28,6286
697,2023-05-31,32.7,32.71,33.43,32.45,13630
698,2023-06-01,32.52,33.39,33.47,32.5,14133
699,2023-06-02,33.15,32.87,33.65,32.71,13429
700,2023-06-05,32.96,33.43,34.08,32.74,20839
701,2023-06-06,33.34,33.33,33.89,33.1,14144
702,2023-06-07,33.15,33.9,34.5,33.15,25109
703,2023-06-08,33.84,33.83,34.1,33.16,17343
704,2023-06-09,33.83,33.79,34.25,33.5,16740
705,2023-06-12,34.17,33.75,34.22,33.35,14530
706,2023-06-13,33.7,33.83,34.42,33.7,14035
707,2023-06-14,33.8,34.53,34.88,33.8,14735
708,2023-06-15,34.83,35.09,35.3,34.3,15825
709,2023-06-16,35.43,35.6,35.85,34.67,20452
710,2023-06-19,35.71,36.05,36.58,35.5,21411
711,2023-06-20,36.24,35.06,36.24,34.96,13040
712,2023-06-21,35.0,34.71,36.05,34.68,13120
713,2023-06-26,34.51,33.9,34.8,33.78,9638
714,2023-06-27,33.91,34.4,35.05,33.81,11470
715,2023-06-28,34.3,33.58,34.4,32.9,14088
716,2023-06-29,33.67,33.23,33.78,33.15,7504
717,2023-06-30,33.33,33.4,33.69,32.96,7588
718,2023-07-03,33.47,36.74,36.74,33.1,27089
719,2023-07-04,36.8,37.17,37.65,36.29,33109
720,2023-07-05,36.97,36.8,37.35,36.73,15601
721,2023-07-06,36.44,35.94,37.17,35.58,15170
722,2023-07-07,36.0,35.48,36.99,35.31,15369
723,2023-07-10,35.48,35.6,36.0,34.85,15315
724,2023-07-11,35.5,35.17,35.52,34.68,12488
725,2023-07-12,36.0,35.25,36.77,35.18,23723
726,2023-07-13,35.28,35.16,35.4,34.49,19819
727,2023-07-14,35.18,34.53,35.29,34.41,14123
728,2023-07-17,34.45,34.87,34.9,33.8,13362
729,2023-07-18,34.94,34.69,35.18,34.48,8724
730,2023-07-19,34.64,34.64,34.91,34.2,8557
731,2023-07-20,34.85,35.7,37.17,34.4,37291
732,2023-07-21,35.16,35.37,36.61,34.27,23274
733,2023-07-24,34.89,34.69,35.18,34.35,15511
734,2023-07-25,34.85,34.57,35.04,34.35,15578
735,2023-07-26,34.77,34.17,34.77,33.81,13612
736,2023-07-27,34.11,34.25,35.17,33.82,16041
737,2023-07-28,34.16,34.63,34.72,33.99,9826
738,2023-07-31,34.98,35.96,36.19,34.8,29750
739,2023-08-01,36.12,35.36,37.0,35.25,25290
740,2023-08-02,35.55,34.91,35.55,34.65,12123
741,2023-08-03,34.74,35.25,35.53,34.66,10114
742,2023-08-04,35.25,34.7,35.69,34.69,12735
743,2023-08-07,34.72,34.87,35.0,34.51,8558
744,2023-08-08,34.98,34.3,34.98,34.2,11853
745,2023-08-09,34.21,33.55,34.58,33.42,17262
746,2023-08-10,33.55,33.4,33.88,33.26,20369
747,2023-08-11,33.45,33.01,33.93,32.96,18320
748,2023-08-14,32.89,33.54,33.74,32.8,16877
749,2023-08-15,33.4,33.2,33.43,32.96,9948
750,2023-08-16,33.04,33.06,33.55,32.91,7108
751,2023-08-17,33.11,33.41,33.48,32.45,7373
752,2023-08-18,33.47,32.62,33.49,32.57,7722
753,2023-08-21,32.78,32.4,32.98,32.3,8509
754,2023-08-22,32.58,33.51,33.56,32.3,21848
755,2023-08-23,33.48,32.52,33.48,31.77,18895
756,2023-08-24,32.46,33.92,34.98,32.21,28356
757,2023-08-25,33.76,32.87,33.91,32.51,15956
758,2023-08-28,33.98,32.88,34.19,32.65,15635
759,2023-08-29,32.66,33.47,33.76,32.65,11536
760,2023-08-30,33.3,33.79,33.96,33.13,11438
761,2023-08-31,33.63,33.28,33.63,33.1,7620
762,2023-09-01,33.35,33.9,33.96,33.28,12671
763,2023-09-04,33.66,33.95,34.28,33.66,8990
764,2023-09-05,33.9,33.74,34.11,33.6,6059
765,2023-09-06,33.65,33.2,33.79,33.13,9291
766,2023-09-07,33.19,33.32,34.07,33.13,10613
767,2023-09-08,33.25,33.61,33.91,32.91,7929
768,2023-09-11,33.4,33.96,34.02,33.4,10293
769,2023-09-12,33.91,33.64,34.1,33.38,7375
770,2023-09-13,33.5,33.56,33.83,33.33,4899
771,2023-09-14,33.57,33.76,33.79,33.2,7837
772,2023-09-15,33.78,33.73,34.0,33.44,8505
773,2023-09-18,33.73,34.38,34.38,33.55,18490
774,2023-09-19,34.3,33.48,34.36,33.35,12307
775,2023-09-20,33.23,32.15,33.23,31.91,19723
776,2023-09-21,32.05,32.53,32.55,31.32,10462
777,2023-09-22,32.2,32.2,32.38,31.73,8876
778,2023-09-25,31.99,32.12,32.32,31.47,9428
779,2023-09-26,32.12,33.44,34.5,32.09,27238
780,2023-09-27,33.31,33.11,33.31,32.39,16739
781,2023-09-28,33.03,33.31,33.7,32.87,9810
782,2023-10-09,33.14,32.3,33.14,32.26,9633
783,2023-10-10,32.3,32.32,32.85,32.05,7867
784,2023-10-11,32.32,32.06,32.56,31.85,6051
785,2023-10-12,31.97,32.0,32.27,31.85,4213
786,2023-10-13,31.98,31.89,32.18,31.5,6028
787,2023-10-16,31.85,31.56,31.87,31.36,5029
788,2023-10-17,31.7,30.66,31.83,30.5,7509
789,2023-10-18,30.63,30.01,30.63,29.29,16391
790,2023-10-19,29.5,28.79,29.86,28.79,14985
791,2023-10-20,28.79,28.39,28.95,28.35,5039
792,2023-10-23,28.52,27.32,28.52,27.07,11619
793,2023-10-24,27.47,28.51,28.72,27.38,12710
794,2023-10-25,28.56,28.61,29.39,28.48,8452
795,2023-10-26,28.55,28.88,28.89,28.19,3770
796,2023-10-27,28.88,29.6,29.72,28.71,6357
797,2023-10-30,29.59,30.01,30.3,29.17,5545
798,2023-10-31,29.8,29.19,30.08,28.95,7398
799,2023-11-01,28.9,29.29,29.44,28.9,6189
800,2023-11-02,29.2,29.06,29.47,28.9,5073
801,2023-11-03,28.91,29.48,29.8,28.91,5360
802,2023-11-06,29.52,30.16,30.17,29.52,9005
803,2023-11-07,30.16,29.63,30.16,29.21,9095
804,2023-11-08,29.55,29.64,29.94,29.42,5847
805,2023-11-09,29.75,29.83,30.06,29.56,6766
806,2023-11-10,29.75,29.55,29.75,29.27,4222
807,2023-11-13,29.55,29.55,29.75,29.35,4426
808,2023-11-14,29.39,29.29,29.85,29.11,6777
809,2023-11-15,29.5,29.19,29.63,29.01,5987
810,2023-11-16,29.1,29.09,29.39,28.93,5493
811,2023-11-17,29.22,29.53,29.8,28.92,9937
812,2023-11-20,29.25,29.76,29.83,29.12,10633
813,2023-11-21,29.77,30.52,30.98,29.57,17576
814,2023-11-22,30.52,30.62,31.12,30.37,13481
815,2023-11-23,30.79,31.12,31.18,30.15,10023
816,2023-11-24,31.1,31.62,32.5,30.88,18876
817,2023-11-27,31.6,32.55,32.96,31.12,26008
818,2023-11-28,32.55,32.61,32.66,31.86,11406
819,2023-11-29,32.65,32.19,32.65,32.1,8368
820,2023-11-30,32.05,32.57,32.8,31.9,16253
821,2023-12-01,32.2,32.57,33.01,32.1,11353
822,2023-12-04,32.58,32.32,32.74,32.21,7239
823,2023-12-05,32.36,32.15,32.53,32.15,7307
824,2023-12-06,32.0,31.54,32.33,31.2,13910
825,2023-12-07,31.42,30.93,31.42,30.6,11477
826,2023-12-08,31.2,30.64,31.28,30.58,6982
827,2023-12-11,30.64,31.3,31.49,30.0,13021
828,2023-12-12,31.27,31.69,31.8,30.66,8367
829,2023-12-13,31.6,30.86,31.78,30.74,8361
830,2023-12-14,30.86,31.28,31.47,30.8,10900
831,2023-12-15,31.28,31.67,32.09,30.95,11715
832,2023-12-18,31.7,31.02,31.7,30.91,5908
833,2023-12-19,31.2,31.4,31.7,30.91,4675
834,2023-12-20,31.4,30.6,31.48,30.56,6037
835,2023-12-21,30.35,30.95,31.14,30.32,5480
836,2023-12-22,31.26,30.72,31.26,30.48,4291
837,2023-12-25,30.67,30.52,30.99,30.34,5752
838,2023-12-26,30.45,30.07,30.63,30.06,2633
839,2023-12-27,30.07,30.28,30.36,29.78,4960
840,2023-12-28,31.5,30.39,31.5,29.75,8134
841,2023-12-29,30.39,30.44,30.78,30.01,8759
842,2024-01-02,30.51,30.45,30.68,29.76,6999
843,2024-01-03,30.35,30.7,30.77,30.1,6385
844,2024-01-04,30.5,30.45,30.71,30.37,4679
845,2024-01-05,30.45,29.84,30.7,29.76,5704
846,2024-01-08,29.85,29.4,30.2,29.38,9014
847,2024-01-09,29.4,30.0,30.44,29.3,7532
848,2024-01-10,29.96,31.3,31.44,29.58,16485
849,2024-01-11,30.86,30.61,32.19,30.38,22702
850,2024-01-12,30.38,29.73,30.67,29.65,15116
851,2024-01-15,29.94,30.1,30.67,29.65,12320
852,2024-01-16,33.05,31.5,33.08,31.14,47349
853,2024-01-17,31.18,30.36,31.99,30.32,25609
854,2024-01-18,29.95,30.39,30.6,29.28,18626
855,2024-01-19,30.47,31.45,31.53,30.08,17337
856,2024-01-22,31.1,29.93,31.39,29.5,17072
857,2024-01-23,29.9,29.88,30.28,28.88,14132
858,2024-01-24,29.96,29.96,30.47,28.83,17547
859,2024-01-25,29.75,30.01,30.17,28.62,20130
860,2024-01-26,29.75,29.15,30.08,29.0,15069
861,2024-01-29,29.0,28.43,29.25,28.32,11938
862,2024-01-30,28.2,27.7,28.84,27.7,7722
863,2024-01-31,27.64,26.54,28.0,26.28,15535
864,2024-02-01,26.68,26.94,27.05,25.71,12831
865,2024-02-02,27.2,26.67,27.54,25.69,12961
866,2024-02-05,26.28,25.0,26.51,24.99,18857
867,2024-02-06,24.5,26.0,26.25,24.25,21923
868,2024-02-07,26.0,26.06,26.6,25.7,13727
869,2024-02-08,25.51,27.47,27.58,25.51,19621
870,2024-02-19,27.81,29.18,29.44,27.68,25239
871,2024-02-20,28.98,28.75,28.99,28.5,11115
872,2024-02-21,28.55,28.76,29.25,28.12,8386
873,2024-02-22,28.82,28.76,29.0,28.57,7272
874,2024-02-23,28.6,28.8,28.87,28.5,6896
875,2024-02-26,28.5,28.7,29.29,28.5,6527
876,2024-02-27,28.55,28.98,29.0,28.45,6814
877,2024-02-28,28.95,27.85,29.38,27.64,11542
878,2024-02-29,27.8,28.25,28.8,27.31,10391
879,2024-03-01,28.22,29.0,29.18,27.92,12110
880,2024-03-04,29.0,28.56,29.2,28.29,9935
881,2024-03-05,28.57,29.4,29.42,28.5,16878
882,2024-03-06,29.4,28.79,29.44,28.4,10915
883,2024-03-07,28.76,28.93,29.38,28.41,11082
884,2024-03-08,28.99,28.72,29.09,28.42,12694
885,2024-03-11,28.71,28.67,28.9,28.35,11356
886,2024-03-12,28.49,29.62,29.65,28.49,16263
887,2024-03-13,29.4,30.32,31.18,29.2,21915
888,2024-03-14,30.33,30.19,30.79,29.81,14596
889,2024-03-15,30.2,30.09,30.47,29.6,11599
890,2024-03-18,29.92,29.72,30.2,29.5,17812
891,2024-03-19,29.66,29.59,29.8,29.5,10408
892,2024-03-20,29.55,29.54,29.76,29.45,7984
893,2024-03-21,29.54,29.81,30.07,29.43,12531
894,2024-03-22,29.8,29.2,30.05,29.05,9113
895,2024-03-25,29.0,28.49,29.2,28.28,11183
896,2024-03-26,28.49,28.73,28.88,28.41,9694
897,2024-03-27,28.73,28.48,29.08,28.42,6921
898,2024-03-28,28.19,28.67,28.99,28.19,7521
899,2024-03-29,28.63,29.05,29.05,28.63,5649
900,2024-04-01,28.95,30.41,30.98,28.95,21110
901,2024-04-02,30.45,31.29,31.57,30.02,26532
902,2024-04-03,31.18,32.0,32.41,31.06,19874
903,2024-04-08,31.66,31.53,32.66,31.53,21122
904,2024-04-09,31.56,32.72,34.08,31.3,27156
905,2024-04-10,32.55,34.19,34.65,32.38,33314
906,2024-04-11,33.35,33.7,34.36,32.68,30587
907,2024-04-12,33.03,32.63,33.68,32.5,23439
908,2024-04-15,32.52,32.1,32.7,31.4,27992
909,2024-04-16,32.06,30.98,32.32,30.97,14948
910,2024-04-17,31.23,31.28,31.99,31.02,11451
911,2024-04-18,31.0,31.28,31.97,31.0,13732
912,2024-04-19,31.1,30.79,31.42,30.52,12722
913,2024-04-22,30.32,31.51,31.71,30.25,15030
914,2024-04-23,31.3,30.73,31.38,30.41,16295
915,2024-04-24,30.73,27.88,30.81,27.66,92209
916,2024-04-25,27.35,27.7,27.98,26.81,43253
917,2024-04-26,27.05,27.3,27.38,26.78,40380
918,2024-04-29,27.32,27.63,27.84,27.24,42256
919,2024-04-30,27.6,26.95,27.62,26.82,34300
920,2024-05-06,27.16,26.78,27.16,26.4,34356
921,2024-05-07,26.8,26.69,26.83,26.55,24666
922,2024-05-08,26.69,26.24,26.78,26.0,27621
923,2024-05-09,26.24,26.12,26.4,26.08,36083
924,2024-05-10,26.13,26.36,26.4,26.1,46791
925,2024-05-13,26.37,25.22,26.37,25.15,51464
926,2024-05-14,25.05,25.59,25.69,25.01,27253
927,2024-05-15,25.58,25.47,25.81,25.34,18642
928,2024-05-16,25.56,25.61,25.79,25.33,20204
929,2024-05-17,25.69,25.6,25.77,25.44,16530
930,2024-05-20,25.94,26.22,26.29,25.81,36770
931,2024-05-21,26.1,26.09,26.26,25.82,22865
932,2024-05-22,26.02,25.79,26.15,25.63,21624
933,2024-05-23,25.79,25.5,25.79,25.39,17704
934,2024-05-24,25.48,25.68,25.83,25.08,19323
935,2024-05-27,25.69,25.34,25.8,25.16,14111
936,2024-05-28,25.12,25.09,25.38,25.09,10924
937,2024-05-29,25.17,24.78,25.25,24.74,20227
938,2024-05-30,24.72,24.46,24.85,24.42,12845
939,2024-05-31,24.54,24.56,24.74,24.35,9752
940,2024-06-03,24.68,25.08,25.09,24.38,14287
941,2024-06-04,25.11,25.15,25.19,24.75,13852
942,2024-06-05,24.95,25.3,25.49,24.86,16378
943,2024-06-06,25.3,24.3,25.84,24.13,33028
944,2024-06-07,24.42,23.7,24.42,23.32,24239
945,2024-06-11,23.67,23.06,23.68,22.65,26713
946,2024-06-12,22.93,23.34,23.61,22.9,16068
947,2024-06-13,23.34,23.03,23.48,23.0,10169
948,2024-06-14,23.0,23.2,23.29,22.15,35251
949,2024-06-17,22.9,23.03,23.23,22.84,9155
950,2024-06-18,23.0,22.75,23.15,22.67,13025
951,2024-06-19,22.75,22.86,23.05,22.58,10940
952,2024-06-20,22.85,23.64,24.65,22.72,65201
953,2024-06-21,23.08,23.43,23.78,23.07,25074
954,2024-06-24,23.24,22.23,23.39,22.23,24549
955,2024-06-25,22.2,22.24,22.66,22.03,20584
956,2024-06-26,22.09,22.03,22.37,21.69,25915
957,2024-06-27,22.0,21.74,22.11,21.71,14555
958,2024-06-28,21.62,21.36,21.84,21.3,17765
959,2024-07-01,21.34,21.58,21.69,21.3,12923
960,2024-07-02,21.62,21.06,21.85,20.98,23892
961,2024-07-03,21.11,20.59,21.47,20.51,28379
962,2024-07-04,20.5,20.11,20.58,20.02,23370
963,2024-07-05,20.09,20.07,20.21,19.88,23009
964,2024-07-08,20.0,19.06,20.08,18.97,28933
965,2024-07-09,19.1,19.34,19.39,19.04,26048
966,2024-07-10,19.17,19.49,19.7,19.02,16664
967,2024-07-11,19.66,20.0,20.05,19.51,21491
968,2024-07-12,20.01,19.81,20.37,19.7,17025
969,2024-07-15,19.86,19.32,19.88,19.24,18909
970,2024-07-16,19.23,19.3,19.4,19.1,12333
971,2024-07-17,19.2,19.35,19.48,19.16,12038
972,2024-07-18,19.21,19.21,19.25,18.92,17862
973,2024-07-19,18.88,18.64,18.89,18.46,15710
974,2024-07-22,18.64,18.69,18.87,18.4,13656
975,2024-07-23,18.69,18.18,18.85,18.17,14746
976,2024-07-24,18.14,17.84,18.29,17.8,22966
977,2024-07-25,17.71,17.53,17.92,17.47,26607
978,2024-07-26,17.58,17.92,18.0,17.45,20318
979,2024-07-29,17.97,17.89,18.12,17.59,15472
980,2024-07-30,17.75,18.01,18.03,17.74,7867
981,2024-07-31,18.09,19.3,19.38,18.01,49601
982,2024-08-01,19.01,18.65,19.2,18.61,33211
983,2024-08-02,18.48,18.49,18.87,18.41,17383
984,2024-08-05,19.23,18.9,19.4,18.82,42583
985,2024-08-06,18.9,19.27,19.41,18.9,48550
986,2024-08-07,19.29,19.05,19.29,18.91,23031
987,2024-08-08,18.9,19.6,20.09,18.9,48686
988,2024-08-09,19.55,19.04,19.6,19.01,37139
989,2024-08-12,18.84,18.81,18.98,18.5,20958
990,2024-08-13,18.8,18.58,18.8,18.38,14445
991,2024-08-14,18.58,18.32,18.58,18.2,13381
992,2024-08-15,18.25,18.46,18.52,18.12,12477
993,2024-08-16,18.37,17.87,18.48,17.82,16972
994,2024-08-19,17.92,17.7,18.05,17.63,13882
995,2024-08-20,17.69,17.27,17.71,17.22,12742
996,2024-08-21,17.3,17.11,17.39,16.99,11672
997,2024-08-22,17.1,16.8,17.16,16.78,11996
998,2024-08-23,16.9,16.94,16.97,16.66,11561
999,2024-08-26,16.94,16.74,17.12,16.63,12165
1000,2024-08-27,16.7,16.84,16.9,16.55,9423
1001,2024-08-28,16.82,16.96,17.05,16.65,9964
1002,2024-08-29,16.86,17.36,17.39,16.69,14163
1003,2024-08-30,17.01,16.99,17.24,16.23,59465
1004,2024-09-02,16.68,16.2,16.77,16.2,31347
1005,2024-09-03,16.15,16.56,16.58,16.04,27745
1006,2024-09-04,16.43,16.47,16.77,16.36,14231
1007,2024-09-05,16.57,17.16,17.45,16.45,35630
1008,2024-09-06,17.08,16.91,17.43,16.88,25124
1009,2024-09-09,16.5,16.77,17.02,16.5,18758
1010,2024-09-10,16.77,16.42,16.84,16.24,26378
1011,2024-09-11,16.42,16.26,16.55,16.18,11129
1012,2024-09-12,16.33,15.88,16.45,15.86,20598
1013,2024-09-13,15.9,15.84,16.1,15.84,14142
1014,2024-09-18,15.83,15.63,15.89,15.32,13944
1015,2024-09-19,15.7,16.21,16.33,15.69,23287
1016,2024-09-20,16.2,16.0,16.2,15.86,13028
1017,2024-09-23,16.0,16.07,16.15,15.81,9046
1018,2024-09-24,16.22,17.0,17.0,16.22,41227
1019,2024-09-25,17.23,17.71,17.99,17.15,53227
1020,2024-09-26,17.71,19.21,19.44,17.61,79851
1021,2024-09-27,19.95,20.36,20.53,19.11,55252
1022,2024-09-30,21.5,22.4,22.4,20.88,81612
1023,2024-10-08,24.48,21.53,24.48,20.8,126306
1024,2024-10-09,21.2,19.38,21.2,19.38,69307
1025,2024-10-10,19.2,19.7,20.09,19.11,39722
1026,2024-10-11,19.7,19.43,19.7,19.04,28540
1027,2024-10-14,19.39,19.15,19.39,18.5,38198
1028,2024-10-15,18.94,18.53,18.99,18.52,25392
1029,2024-10-16,18.38,18.29,18.6,18.08,24485
1030,2024-10-17,18.35,17.96,18.56,17.94,30668
1031,2024-10-18,17.8,18.31,18.52,17.73,36920
1032,2024-10-21,18.29,18.77,18.92,18.26,43076
1033,2024-10-22,18.71,19.81,19.86,18.55,59487
1034,2024-10-23,19.81,20.02,20.52,19.55,54644
1035,2024-10-24,19.99,19.96,20.25,19.56,29744
1036,2024-10-25,19.96,20.16,20.29,19.8,22052
1037,2024-10-28,19.65,21.45,21.5,19.52,59569
1038,2024-10-29,21.3,20.6,21.57,20.53,41507
1039,2024-10-30,20.55,20.72,20.89,20.31,19822
1040,2024-10-31,20.72,20.13,20.72,19.9,37294
1041,2024-11-01,20.09,20.23,20.64,19.6,35490
1042,2024-11-04,20.9,20.96,21.36,20.35,33049
1043,2024-11-05,20.86,21.2,21.34,20.58,34763
1044,2024-11-06,21.2,21.33,21.56,20.91,23287
1045,2024-11-07,21.32,23.2,23.3,21.16,83569
1046,2024-11-08,23.23,23.83,23.98,22.2,60917
1047,2024-11-11,23.18,23.09,23.76,22.74,32642
1048,2024-11-12,23.03,22.85,23.79,22.67,27386
1049,2024-11-13,23.0,22.41,23.2,22.01,22527
1050,2024-11-14,22.28,22.02,22.5,22.0,10550
1051,2024-11-15,22.1,23.2,24.22,21.8,112268
1052,2024-11-18,23.1,24.09,24.39,22.42,101901
1053,2024-11-19,23.9,23.96,23.99,22.76,60987
1054,2024-11-20,23.92,23.77,24.19,23.45,53467
1055,2024-11-21,24.24,23.48,24.54,23.08,54338
1056,2024-11-22,22.68,22.63,23.24,22.48,35016
1057,2024-11-25,22.4,21.87,23.0,21.52,36844
1058,2024-11-26,21.8,21.71,22.08,21.43,21951
1059,2024-11-27,21.56,21.95,22.08,21.17,27372
1060,2024-11-28,21.88,23.04,23.61,21.88,52808
1061,2024-11-29,23.1,25.34,25.34,22.95,120958
1062,2024-12-02,25.3,26.08,27.87,24.6,139811
1063,2024-12-03,25.95,25.04,26.5,24.88,97569
1064,2024-12-04,24.84,24.41,25.57,24.26,65368
1065,2024-12-05,24.32,24.65,24.8,23.72,64257
1066,2024-12-06,24.5,25.31,25.66,24.18,79608
1067,2024-12-09,25.01,25.06,25.63,24.5,48487
1068,2024-12-10,26.48,27.57,27.57,25.5,185004
1069,2024-12-11,26.72,29.04,29.9,26.6,193639
1070,2024-12-12,28.2,28.73,29.94,27.21,158204
1071,2024-12-13,28.19,27.95,29.9,27.28,90744
1072,2024-12-16,28.0,27.67,28.79,27.1,65011
1073,2024-12-17,27.31,25.97,27.31,25.6,53120
1074,2024-12-18,25.97,25.85,26.2,25.01,42646
1075,2024-12-19,25.26,27.0,27.11,25.03,62966
1076,2024-12-20,27.0,26.85,27.38,26.71,34594
1077,2024-12-23,26.76,24.98,27.25,24.93,38390
1078,2024-12-24,24.98,23.99,25.4,23.76,65909
1079,2024-12-25,24.13,23.4,24.2,22.96,41832
1080,2024-12-26,23.43,24.08,24.1,23.36,34360
1081,2024-12-27,23.87,24.4,24.7,23.7,40980
1082,2024-12-30,24.38,24.73,24.8,23.75,28989
1083,2024-12-31,24.67,24.51,25.27,24.4,40239
1084,2025-01-02,24.17,24.81,25.88,24.17,48885
1085,2025-01-03,24.71,23.45,24.71,23.29,39501
1086,2025-01-06,23.15,21.68,23.25,21.47,52206
1087,2025-01-07,21.53,21.45,21.95,21.08,47651
1088,2025-01-08,21.53,22.22,22.38,21.41,51315
1089,2025-01-09,21.94,21.06,22.45,21.01,45789
1090,2025-01-10,20.85,21.59,21.76,20.79,48021
1091,2025-01-13,21.25,21.93,22.15,21.0,26618
1092,2025-01-14,21.9,23.34,23.9,21.9,52584
1093,2025-01-15,22.8,23.01,23.6,22.69,22337
1094,2025-01-16,23.0,23.22,23.4,22.88,23566
1095,2025-01-17,23.05,23.38,24.4,22.2,45729
1096,2025-01-20,23.1,23.09,23.78,23.01,25733
1097,2025-01-21,23.02,22.05,23.29,21.78,38737
1098,2025-01-22,22.03,21.02,22.03,20.88,46513
1099,2025-01-23,21.28,22.11,22.56,20.9,51973
1100,2025-01-24,21.85,22.17,22.34,21.53,36782
1101,2025-01-27,22.39,21.66,22.55,21.52,17513
1102,2025-02-05,21.63,20.68,21.66,19.88,47320
1103,2025-02-06,20.5,20.86,21.15,20.31,19596
1104,2025-02-07,20.8,21.3,21.6,20.63,41402
1105,2025-02-10,21.3,22.04,22.1,21.06,29876
1106,2025-02-11,22.09,21.45,22.1,21.38,20733
1107,2025-02-12,21.61,21.63,21.76,21.35,17199
1108,2025-02-13,21.48,20.94,21.71,20.91,30092
1109,2025-02-14,20.94,21.15,21.33,20.8,25237
1110,2025-02-17,21.09,21.56,21.72,20.6,35779
1111,2025-02-18,21.54,20.5,21.54,20.46,29346
1112,2025-02-19,20.51,20.49,20.66,20.25,20620
1113,2025-02-20,20.59,20.76,21.25,20.37,30068
1114,2025-02-21,20.8,20.4,20.9,20.0,39861
1115,2025-02-24,20.36,20.26,20.63,20.14,24680
1116,2025-02-25,20.08,20.03,20.24,19.79,37377
1117,2025-02-26,20.0,20.21,20.29,19.95,27203
1118,2025-02-27,20.36,22.23,22.23,20.23,84088
1119,2025-02-28,22.01,21.55,22.66,21.51,82131
1120,2025-03-03,21.46,21.27,22.15,21.11,43771
1121,2025-03-04,21.29,21.86,22.3,20.97,57518
1122,2025-03-05,21.7,22.02,22.23,21.62,38879
1123,2025-03-06,21.91,22.44,22.8,21.68,60404
1124,2025-03-07,22.5,22.22,22.51,22.12,25959
1125,2025-03-10,21.9,22.5,22.58,21.89,24509
1126,2025-03-11,22.22,22.26,22.31,21.8,26928
1127,2025-03-12,22.26,21.91,22.36,21.83,24966
1128,2025-03-13,21.8,21.66,21.88,21.32,27772
1129,2025-03-14,21.78,22.97,23.05,21.68,76869
1130,2025-03-17,24.0,22.65,24.0,22.45,64788
1131,2025-03-18,22.65,22.4,22.76,22.21,34676
1132,2025-03-19,22.31,22.77,23.26,22.05,49681
1133,2025-03-20,22.55,22.37,23.22,22.2,33782
1134,2025-03-21,22.13,22.31,22.57,22.02,25208
1135,2025-03-24,22.3,22.63,23.2,22.22,59246
1136,2025-03-25,22.3,21.65,22.41,21.58,54619
1137,2025-03-26,21.52,21.65,21.82,21.24,27102
1138,2025-03-27,21.54,21.29,22.33,21.2,36820
1139,2025-03-28,21.1,20.67,21.26,20.61,29233
1140,2025-03-31,20.59,20.28,20.7,19.93,27069
1141,2025-04-01,20.28,20.4,20.6,20.19,21454
